DS_CARGO;NR_CANDIDATO;NM_CANDIDATO
GOVERNADOR;40;RICARDO GARCIA CAPPELLI
GOVERNADOR;55;JOS ROBERTO ARRUDA
GOVERNADOR;36;ELISSON FERREIRA FREIRE
DEPUTADO DISTRITAL;18011;FRANCISCO JOAQUIM DE CARVALHO
DEPUTADO DISTRITAL;50000;MICHEL PLATINI GOMES FERNANDES
DEPUTADO DISTRITAL;50060;MANOEL CORDEIRO LIMA
DEPUTADO DISTRITAL;30123;PAULO SILVA DO NASCIMENTO
DEPUTADO DISTRITAL;30000;LUIZ GUILHERME DE MEDEIROS
DEPUTADO DISTRITAL;30444;PEDRO PAGANO JUNQUEIRA PAYNE
DEPUTADO DISTRITAL;14040;RHAILLER SANTOS ESTRELA
DEPUTADO DISTRITAL;14100;ANA CAROLINA TEIXEIRA DO NASCIMENTO MAIA
DEPUTADO DISTRITAL;14714;AMANDA CAMARGO LEMOS
DEPUTADO DISTRITAL;14000;YURI KAYN OLIVEIRA DE CARVALHO
DEPUTADO DISTRITAL;27234;ZULEIKA APARECIDA LOPES
DEPUTADO DISTRITAL;27391;FABIO RODRIGUES RAMOS
DEPUTADO DISTRITAL;27000;RAFAEL OLIVEIRA DE MACEDO
DEPUTADO DISTRITAL;35355;LUCIMIR HENRIQUE PESSOA MAIA
DEPUTADO DISTRITAL;35180;CARLOS ANTONIO DOS SANTOS COSTA
DEPUTADO DISTRITAL;35678;ANTONIA ANGELICA NETA
DEPUTADO DISTRITAL;35007;ISABELA LUSTOSA DE SOUSA SOARES
DEPUTADO DISTRITAL;12344;DHIOGO SOARES RODRIGUES
DEPUTADO DISTRITAL;12122;MARIA FRANCISCA SOARES DA CRTE
DEPUTADO DISTRITAL;10111;CELESTINO CHUPEL
DEPUTADO DISTRITAL;10110;ANDREA BARROS ESPANHA NEVES
DEPUTADO DISTRITAL;10111;DIGENES BASTOS CARVALHO SILVA
DEPUTADO DISTRITAL;22001;ANDRA PONTES E SILVA
DEPUTADO DISTRITAL;22333;ANDREIA MOURA ZEMUNER
DEPUTADO DISTRITAL;13321;FTIMA LCIA RLA
DEPUTADO DISTRITAL;43123;ELKE DA SILVA PIMENTEL
DEPUTADO DISTRITAL;13056;DAYSE DE HANSA NOGUEIRA LIMA
DEPUTADO DISTRITAL;45300;FRANCISCO JOO PINTO DA SILVA
DEPUTADO DISTRITAL;45321;MARIA DE FATIMA PEREIRA DA SILVA GODOI
DEPUTADO DISTRITAL;45617;NATANRY LUDOVICO LACERDA OSORIO
DEPUTADO DISTRITAL;45456;MARIA DA GLORIA DE JESUS VALE
DEPUTADO DISTRITAL;45125;DUARTINA BENEDITA DE SOUZA SILVA
DEPUTADO DISTRITAL;55321;ELEUZITO DA SILVA REZENDE
DEPUTADO DISTRITAL;20101;MANUELA DE SOUZA ANDRADE
DEPUTADO DISTRITAL;20700;JOAO DE DEUS PAULO JUNIOR
DEPUTADO DISTRITAL;20001;ARTUR CEZAR DE ABREU BENVENUTO
DEPUTADO DISTRITAL;20000;ROBERIO BANDEIRA DE NEGREIROS FILHO
DEPUTADO DISTRITAL;33700;GUTEMBERG FARIA RIOS
DEPUTADO DISTRITAL;44070;CRISTIANO ALENCAR SEVERO
DEPUTADO DISTRITAL;11112;MARTHA ELIENE GONCALVES BEZERRA DE CASTRO
DEPUTADO DISTRITAL;77137;MARLENE ZENI
DEPUTADO DISTRITAL;77843;ORION DE OLIVEIRA GONALVES
DEPUTADO DISTRITAL;25500;IRACEMA MARIA DURAO MOREIRA
DEPUTADO DISTRITAL;77135;NERY CHARLIE BATISTA NERI
DEPUTADO DISTRITAL;70077;PATRICIA DA SILVA DE OLIVEIRA
DEPUTADO DISTRITAL;70789;MARCELE CANDIDO DE MORAES
DEPUTADO DISTRITAL;70255;LAERCIO DE CARVALHO ALVES
DEPUTADO DISTRITAL;15900;JAQUELINE ANGELA DA SILVA
DEPUTADO FEDERAL;3000;WILKER LEO DE S
DEPUTADO FEDERAL;1086;CAROLINE MARTINS BARTHOLO FURLAN
DEPUTADO FEDERAL;1001;ELIZABETH LOPES ROSAS
DEPUTADO FEDERAL;5001;RONALDO ADRIANO FIUZA CARDOSO
DEPUTADO FEDERAL;5000;NEIVA LOPES SOUSA
DEPUTADO FEDERAL;2522;GILSON AMORIM SOBRINHO
DEPUTADO FEDERAL;2022;CARLOS ALBERTO MACEDO DA ROSA
DEPUTADO FEDERAL;2090;VERA LUCIA DE OLIVEIRA
DEPUTADO FEDERAL;2088;CAROLINE DIAS RIBEIRO
DEPUTADO FEDERAL;1414;VICTOR KALIL CACHEN PINHEIRO RATTES
DEPUTADO FEDERAL;3355;JOEL ANTONIO MATOS
DEPUTADO FEDERAL;3390;MAURO MARTINS LOPES
DEPUTADO FEDERAL;3310;EVANILDO CORREIA GARCIA
DEPUTADO FEDERAL;4555;JOSE OSCAR DA SILVA
DEPUTADO FEDERAL;4545;LEIRSON TRIGUEIRO MATOS
DEPUTADO FEDERAL;1216;ISANIL FRANCISCO GUALBERTO
DEPUTADO FEDERAL;2277;SANDRA FARAJ CAVALCANTE
DEPUTADO FEDERAL;2222;JOAO ALBERTO FRAGA SILVA
DEPUTADO FEDERAL;4300;JULIANA FERNANDES MACHADO CAMPOS
DEPUTADO FEDERAL;2929;CARLOS VINCIUS PEREIRA ALVES
DEPUTADO FEDERAL;3510;RICHARD DA SILVA BANHARA
DEPUTADO FEDERAL;4444;SANDRO TORRES AVELAR
DEPUTADO FEDERAL;1177;MARCOS WESLEY DE SOUSA FEITOSA
DEPUTADO FEDERAL;7052;ANA PAULA FEROLA ARAUJO
DEPUTADO FEDERAL;7000;CARLOS ALBERTO ARAUJO DE SOUZA
DEPUTADO FEDERAL;7022;SEVERINO ROGRIO RODRIGUES DO NASCIMENTO
DEPUTADO FEDERAL;7088;PAULO CEZAR PEREIRA DE SA
DEPUTADO FEDERAL;5500;ADILA MARIA STEMLER
DEPUTADO FEDERAL;5555;MARIA CAROLINE FLEURY DE LIMA
DEPUTADO FEDERAL;4008;DANIELA AGUIAR DE CARVALHO FREITAS
DEPUTADO FEDERAL;2750;SOCORRO MARTINS DA SILVA
DEPUTADO FEDERAL;1505;PAMELA PEREIRA VIEIRA
DEPUTADO FEDERAL;1555;JOSE HUMBERTO PIRES DE ARAUJO
DEPUTADO DISTRITAL;30222;RICARDO FELLIPE SILVA VALE CASTRO
DEPUTADO DISTRITAL;30333;REGIS SOARES MACHADO
DEPUTADO DISTRITAL;30033;MATHEUS FERNANDES DE OLIVEIRA
DEPUTADO DISTRITAL;14149;EMANUELLE DA CONCEIO LIMA
DEPUTADO DISTRITAL;14141;HENRIQUE RODRIGUES DURES
DEPUTADO DISTRITAL;27321;CLAUDECI XAVIER DE MIRANDA
DEPUTADO DISTRITAL;27888;WELLINGTON JOSE DIONIZIO
DEPUTADO DISTRITAL;27027;RICARDO DE SOUZA LIMA CAIAFA
DEPUTADO DISTRITAL;27727;LUCINEIDE ARAUJO DE SOUZA
DEPUTADO DISTRITAL;27333;MARGARIDA MARIA REGIS DE ALMEIDA CHAULET
DEPUTADO DISTRITAL;27100;LORRUANA MEDEIROS OLIVEIRA
DEPUTADO DISTRITAL;35353;DIOLAN COSTA ROCHA
DEPUTADO DISTRITAL;35999;ALANNA ALVES AMARAL
DEPUTADO DISTRITAL;35500;FERNANDA SILVA BATISTA
DEPUTADO DISTRITAL;35250;ELIZEU DE SOUZA
DEPUTADO DISTRITAL;35800;ELIAS DA SILVA SANTOS
DEPUTADO DISTRITAL;40100;BERNARDO MOREIRA AMADO BARROS
DEPUTADO DISTRITAL;40321;SOFIA MARTINS CARVALHO
DEPUTADO DISTRITAL;40120;AVELINO JOSE PEREIRA
DEPUTADO DISTRITAL;40233;MARIANGELA ARAJO SILVA
DEPUTADO DISTRITAL;12000;JOVITA JOS ROSA
DEPUTADO DISTRITAL;12071;ANTNIO MARCOS SILVA ARAJO
DEPUTADO DISTRITAL;12123;FERNANDO MOURA DOS SANTOS
DEPUTADO DISTRITAL;12345;JOE CARLO VIANA VALLE
DEPUTADO DISTRITAL;10722;MARCOS OTVIO DE ANDRADE PORTO
DEPUTADO DISTRITAL;10777;MARCELO PEREIRA SURCIN
DEPUTADO DISTRITAL;22221;CRISTIANE GOMES DA COSTA
DEPUTADO DISTRITAL;22224;JOAO ALEXANDRE DE LIMA OLIVEIRA
DEPUTADO DISTRITAL;22888;JOAO ALVES CARDOSO
DEPUTADO DISTRITAL;22100;RODRIGO AMARAL DANTAS PINHO
DEPUTADO DISTRITAL;22478;ALEXANDRE AUGUSTO RODRIGUES ALVES
DEPUTADO DISTRITAL;13100;FRANCISCO DOMINGOS DOS SANTOS
DEPUTADO DISTRITAL;13012;ANDREY ROOSEWELT CHAGAS LEMOS
DEPUTADO DISTRITAL;13197;DANIEL HENRIQUE COSTA DE BARROS
DEPUTADO DISTRITAL;13131;GABRIEL MAGNO PEREIRA CRUZ
DEPUTADO DISTRITAL;45061;EDLEUZO SOUZA CAVALCANTE
DEPUTADO DISTRITAL;45345;GABRIEL LOPES LUNA SOUSA
DEPUTADO DISTRITAL;45163;VALDECY PEREIRA DE ALMEIDA
DEPUTADO DISTRITAL;55575;ALINE KELEN VESELY REIS
DEPUTADO DISTRITAL;55655;LIDIA CAMARA PERES
DEPUTADO DISTRITAL;55000;PABLO AGUIAR TAVARES DE PAULA GOMES
DEPUTADO DISTRITAL;55100;SANDRA SOARES BACELAR
DEPUTADO DISTRITAL;55033;KILLA MARIA DE MELO MARINHO
DEPUTADO DISTRITAL;20020;JOSE RODRIGUES DO REGO NETO
DEPUTADO DISTRITAL;20111;MARIA CLAUDIA LAPA DE SOUZA BUSTAMANTE
DEPUTADO DISTRITAL;20090;LUCIANO ALVES DA COSTA SANTOS
DEPUTADO DISTRITAL;20193;ALAN ALEXANDRE ARAUJO
DEPUTADO DISTRITAL;20033;KLEBES REZENDE DA CUNHA
DEPUTADO DISTRITAL;33122;LTICIA SAMPAIO JUSTINO
DEPUTADO DISTRITAL;33088;EMANUELL HENRIQUE DA SILVA
DEPUTADO DISTRITAL;33190;ULISSES DA COSTA DIAS
DEPUTADO DISTRITAL;44007;LUCIJAINE VILAR DA SILVA
DEPUTADO DISTRITAL;11234;VALDELINO RODRIGUES BARCELOS
DEPUTADO DISTRITAL;77200;IPAMINONA RODRIGUIS DA SILVA
DEPUTADO DISTRITAL;77321;NEWTON BARBOSA DA CONCEICAO
DEPUTADO DISTRITAL;25001;HELVDIO NUNES DE BARROS NETO
DEPUTADO DISTRITAL;15333;TARIK INVERNIZZI
DEPUTADO DISTRITAL;15156;FERNANDA MATEUS COSTA MELO
DEPUTADO DISTRITAL;15500;DILSON RESENDE DE ALMEIDA
DEPUTADO FEDERAL;3033;ELAYNE CRISTINA CACHEN GUIMARES PINHEIRO RATTES
DEPUTADO FEDERAL;3036;MARIA APARECIDA VILLAS BAS
DEPUTADO FEDERAL;1011;GILVAM MAXIMO
DEPUTADO FEDERAL;5005;LUDMILA WEIZMANN SUAID LEVYSKI
DEPUTADO FEDERAL;1801;MARIA CLEUDES PESSOA
DEPUTADO FEDERAL;7777;MARIA GERCIANE DA CONCEIO LIMA
DEPUTADO FEDERAL;7733;GABRIEL PORTELLA FAGUNDES NETO
DEPUTADO FEDERAL;2020;LUIZ CLAUDIO FREIRE DE SOUZA FRANCA
DEPUTADO FEDERAL;2033;KLEBSON FRANCISCO DOS SANTOS
DEPUTADO FEDERAL;3322;WESTHARLLEY DANIEL DE SOUZA RAPOSO
DEPUTADO FEDERAL;3332;ISAURINETE BARBOSA DE MIRANDA
DEPUTADO FEDERAL;2323;ROBERTO JOO PEREIRA FREIRE
DEPUTADO FEDERAL;1234;RAFAEL DE CARVALHO PULLEN PARENTE
DEPUTADO FEDERAL;2211;PAULO ULISSIS BATISTA LIMA
DEPUTADO FEDERAL;2220;AGACIEL DA SILVA MAIA
DEPUTADO FEDERAL;1331;MARCIA ABRAHAO MOURA
DEPUTADO FEDERAL;3525;STEPHANIE ALVES GAMA DE SOUZA
DEPUTADO FEDERAL;7007;JEAN VICTOR CHAVES PORTELA
DEPUTADO FEDERAL;5577;JLIO CESAR FLORENCIO ISIDRO
DEPUTADO FEDERAL;4004;ISRAEL MATOS BATISTA
DEPUTADO FEDERAL;4040;RODRIGO SOBRAL ROLLEMBERG
DEPUTADO FEDERAL;2700;ELIZEU PINTO COSTA
DEPUTADO FEDERAL;2777;IVONE LOPES DE CARVALHO
DEPUTADO FEDERAL;1515;RAFAEL CAVALCANTI PRUDENTE
DEPUTADO DISTRITAL;18123;BARTIRIA MONTEIRO DE BRITO
DEPUTADO DISTRITAL;30888;NOEMIA TIAGO BISPO DOS SANTOS
DEPUTADO DISTRITAL;30303;CRISLEIDE MOURO DOS SANTOS
DEPUTADO DISTRITAL;30456;ALEX DE JESUS OLIVEIRA
DEPUTADO DISTRITAL;30999;LVARO MOREIRA DOMINGUES JNIOR
DEPUTADO DISTRITAL;14444;JACQUELINE MILA TIROTTI
DEPUTADO DISTRITAL;14114;MATHEUS MARQUES
DEPUTADO DISTRITAL;14777;TANIEL COSTA MACEDO
DEPUTADO DISTRITAL;14441;JANDERSON AGUIAR DE AZEVEDO
DEPUTADO DISTRITAL;27500;JOAO BENEDITO SANTAREM DE BRITO
DEPUTADO DISTRITAL;27300;REINALDO BATISTA ARAUJO
DEPUTADO DISTRITAL;35135;MARILDA ANTONIO DIAS
DEPUTADO DISTRITAL;35017;ANDREIA FERREIRA ALVES
DEPUTADO DISTRITAL;35555;LUIS CLAUDIO FERNANDES MIRANDA
DEPUTADO DISTRITAL;35100;ALCIVANIO SOARES BOMFIM DE ARAUJO
DEPUTADO DISTRITAL;40200;RAPHAEL SEBBA DAHER FLEURY CURADO
DEPUTADO DISTRITAL;40333;DINAYARA DA PAIXAO LACERDA
DEPUTADO DISTRITAL;40061;MCIO BOTELHO DE OLIVEIRA
DEPUTADO DISTRITAL;12369;LUCIMAR ALVES MARTINS
DEPUTADO DISTRITAL;12061;MERCIONE JOSE DA SILVA
DEPUTADO DISTRITAL;12333;ARILSON FRANCISCO DE OLIVEIRA
DEPUTADO DISTRITAL;12126;MARA LCIA AMORIM MARAL
DEPUTADO DISTRITAL;10060;MARCIA HELENA DE AMORIM RUELA KOHN CARNIER
DEPUTADO DISTRITAL;10987;CRISTIANE GEISS NARDES FARINON
DEPUTADO DISTRITAL;10888;DENISE MARIA DE FRANCO SOUZA
DEPUTADO DISTRITAL;10789;RENATA MESQUITA D AGUIAR
DEPUTADO DISTRITAL;22822;ANA LUIZA DUARTE DA CUNHA
DEPUTADO DISTRITAL;22010;KELLEN MARGARETH PERES PAMPLONA GUERRA
DEPUTADO DISTRITAL;22123;ALESSANDRO FABRICIO CLEMENTE PAIVA
DEPUTADO DISTRITAL;13013;RICARDO VALE DA SILVA
DEPUTADO DISTRITAL;43000;EDUARDO DUTRA BRANDAO CAVALCANTI
DEPUTADO DISTRITAL;45222;BENEDITO AARO SALES DE ARAJO
DEPUTADO DISTRITAL;45130;MARIA DUCLERIO BRAZILINO DA SILVA
DEPUTADO DISTRITAL;45755;LUCILENE ANA FERNANDES
DEPUTADO DISTRITAL;45333;ROBERTO EUSTAQUIO INACIO VIEIRA
DEPUTADO DISTRITAL;55661;JONATHAN LIMA DE ARAJO
DEPUTADO DISTRITAL;55500;MARIA DE FATIMA RIBEIRO C
DEPUTADO DISTRITAL;55555;JORDENES FERREIRA DA SILVA
DEPUTADO DISTRITAL;55123;BERNARDO ROGERIO MATA DE ARAUJO JUNIOR
DEPUTADO DISTRITAL;55111;ANDERSON JOSE DA SILVA TEIXEIRA
DEPUTADO DISTRITAL;20190;GERALDO BATISTA ALVES DE SOUSA
DEPUTADO DISTRITAL;20200;SUZELE VELOSO DE OLIVEIRA
DEPUTADO DISTRITAL;20088;PRISCILA ALCANFOR BACCILE
DEPUTADO DISTRITAL;20226;PAULO ROBERTO SANTOS DA CUNHA
DEPUTADO DISTRITAL;20333;ADERIVALDO MARTINS CARDOSO
DEPUTADO DISTRITAL;20123;ANA PAULA SOARES MARRA
DEPUTADO DISTRITAL;33180;DEISE LUCI BELEM DE ANDRADE
DEPUTADO DISTRITAL;33003;ANA CAROLINY DA COSTA CARVALHO NUNES
DEPUTADO DISTRITAL;33663;THAYS HELENA SILVA MORAES
DEPUTADO DISTRITAL;44197;LACI MARINHO DE ARAUJO
DEPUTADO DISTRITAL;11123;ISRAEL GOMES DO NASCIMENTO
DEPUTADO DISTRITAL;11011;PEDRO PAULO DE OLIVEIRA
DEPUTADO DISTRITAL;44123;FRANCISCO CLAUDIO DE ABRANTES
DEPUTADO DISTRITAL;77023;EUGNIO RIBEIRO MAGALHAES
DEPUTADO DISTRITAL;77190;LUCIENE PACHECO DANIEL
DEPUTADO DISTRITAL;70321;ROGRIO ULYSSES TELLES DE MELLO
DEPUTADO DISTRITAL;70111;SILENE QUITERIA ALMEIDA DIAS
DEPUTADO DISTRITAL;70369;FLVIO POTIGUAR SILVA  ALVES
DEPUTADO DISTRITAL;70070;RIGONE AMORIM DE QUEIROZ
DEPUTADO DISTRITAL;15151;MARCOS ANTONIO NASCIMENTO DE ABREU
DEPUTADO DISTRITAL;15222;ANDREA CRISTINA ESTEVAM DE MELO CARVALHO
SENADOR;290;DAVID HORN PUREZA
DEPUTADO FEDERAL;3012;PAULO CESAR ECHEBARRIA DE CARVALHO
DEPUTADO FEDERAL;3010;EMILIO KERBER FILHO
DEPUTADO FEDERAL;1010;JULIO CESAR RIBEIRO
DEPUTADO FEDERAL;2525;PABLO DE SOUSA VALENTE LIMA
DEPUTADO FEDERAL;7710;LETICIA LEAL LAMOUNIER
DEPUTADO FEDERAL;2027;MAYARA NORONHA DE ALBUQUERQUE ROCHA
DEPUTADO FEDERAL;3396;LEANDRO BARROSO AGUIAR
DEPUTADO FEDERAL;4500;KARLA VINHAS DE JESUS
DEPUTADO FEDERAL;1213;ISMAEL GOUVEIA LOPES DA SILVA
DEPUTADO FEDERAL;4343;REGINALDO VERAS COELHO
DEPUTADO FEDERAL;1324;VANESSA BICHO NEGRINI
DEPUTADO FEDERAL;2900;AGUIDA MARIA LIMA BOTELHO
DEPUTADO FEDERAL;3555;MATEUS SENA COSTA
DEPUTADO FEDERAL;3522;IARA NARDIA GERMANO
DEPUTADO FEDERAL;4456;DIDIA CRISTIAN PEREIRA FERREIRA
DEPUTADO FEDERAL;7070;RODOLPHO HOTH DOS REIS
DEPUTADO FEDERAL;5566;MARIA DE LOURDES ABADIA
DEPUTADO FEDERAL;5522;ADRIANO MARANHO DO AMARAL
DEPUTADO FEDERAL;5551;GERALDO LUIZ NUGOLI COSTA
DEPUTADO FEDERAL;2733;RENATO BOTELHO MACHADO
DEPUTADO FEDERAL;2789;EDILSON MENEZES DOS SANTOS
DEPUTADO FEDERAL;1522;HLVIA MIRIDAN PARANAGU FRAGA
GOVERNADOR;30;FRANCISCO QUEIROZ CAPUTO NETO
DEPUTADO DISTRITAL;50500;NATLIA MATIAS DOS SANTOS DIEGUEZ BARREIRO
DEPUTADO DISTRITAL;50257;MARIA DA CONCEICAO PEREIRA DA SILVA
DEPUTADO DISTRITAL;50123;CLEMENTINA ARAJO BAGNO DA SILVA
DEPUTADO DISTRITAL;30061;JOS JZER DE OLIVEIRA JNIOR
DEPUTADO DISTRITAL;30300;VALTER SOARES SABOIA
DEPUTADO DISTRITAL;14321;ANTHONY RIBAS DA SILVA FELINTO
DEPUTADO DISTRITAL;14001;WELLINGTON RODRIGUES CAMPOS JNIOR
DEPUTADO DISTRITAL;27123;MARCOS GUTEMBERG FIALHO DA COSTA
DEPUTADO DISTRITAL;27272;INES FERREIRA DOS SANTOS
DEPUTADO DISTRITAL;27111;GATHA CRISTINA NUNES LOPES
DEPUTADO DISTRITAL;27777;FERNANDO GOMES DE ARAJO ALMEIDA
DEPUTADO DISTRITAL;27700;IZAQUIEL DA SILVA SOUZA
DEPUTADO DISTRITAL;27277;WILLIAN MARTINS DE SOUZA
DEPUTADO DISTRITAL;35888;MNICA DE SOUZA GOMES
DEPUTADO DISTRITAL;35333;ESTEFFANY RODRIGUES DE SOUSA
DEPUTADO DISTRITAL;40140;JSSICA DE GOIS MOTTA
DEPUTADO DISTRITAL;12300;ZAQUEU DE OLIVEIRA BRAGA
DEPUTADO DISTRITAL;12361;FERNANDO SANTOS SOUSA
DEPUTADO DISTRITAL;12321;GABRIELLY LETICYA LOPES DOS SANTOS
DEPUTADO DISTRITAL;10061;MANOEL MESSIAS GALVAO RIBAS
DEPUTADO DISTRITAL;22000;JOAQUIM DOMINGOS RORIZ NETO
DEPUTADO DISTRITAL;22722;SAMUEL NOGUEIRA CORREA
DEPUTADO DISTRITAL;22122;CAROLINE KALIL POSADA
DEPUTADO DISTRITAL;13111;LUCIA HELENA DE CARVALHO
DEPUTADO DISTRITAL;13000;ROSILENE SILVA DA COSTA
DEPUTADO DISTRITAL;43222;JEAN CARLOS SOUSA
DEPUTADO DISTRITAL;45145;DIEGO GOMES CLAUDINO
DEPUTADO DISTRITAL;45777;SAPHIRA PEREIRA ALVES
DEPUTADO DISTRITAL;45525;MARIA JOSE BARBOZA LIANDRO
DEPUTADO DISTRITAL;45451;SORAYA COSTA DE JESUS
DEPUTADO DISTRITAL;55533;SANDRO BILKS ALVES BARROS
DEPUTADO DISTRITAL;55855;SIMONE PEREIRA MAGALHAES
DEPUTADO DISTRITAL;55444;ANTONIO ERIVELTON CARVALHO
DEPUTADO DISTRITAL;55777;IVAN CANDIDO DE MORAES
DEPUTADO DISTRITAL;55678;MARCO ANTNIO DE VICENTE JNIOR
DEPUTADO DISTRITAL;20222;TELMA RUFINO ALVES
DEPUTADO DISTRITAL;33001;FRANCISCO ROKSINAIDY SALES GARO
DEPUTADO DISTRITAL;33777;CRICIA APARECIDA MARTINS DA MATA DE ALMEIDA
DEPUTADO DISTRITAL;33100;RAAD MTANIOS MASSOUH
DEPUTADO DISTRITAL;33111;JORGE DE FARIAS PATROCINIO
DEPUTADO DISTRITAL;33000;EUDES JUDITH MERCES DE OLIVEIRA FELIX
DEPUTADO DISTRITAL;33733;AGENILDO NERI DA SILVA
DEPUTADO DISTRITAL;44180;KAREN TATIANE LANGKAMMER
DEPUTADO DISTRITAL;44222;FABIANA SOARES DA COSTA
DEPUTADO DISTRITAL;44101;SUZANA GOMES LIMA
DEPUTADO DISTRITAL;44044;PEDRO MARCOS DIAS
DEPUTADO DISTRITAL;77122;FLAVIA PEREIRA DA SILVA
DEPUTADO DISTRITAL;77000;BETHANIA KELLY DE ALMEIDA BARBOSA
DEPUTADO DISTRITAL;77077;DIEGO HUDSON RODRIGUES PEREIRA
DEPUTADO DISTRITAL;25123;JEFFERSON ANDERSON FERNANDES SILVA
DEPUTADO DISTRITAL;77456;ANACLETO DE SANTANA SANTOS
DEPUTADO DISTRITAL;25555;ADRIANDESSON SOUSA CASTELO
DEPUTADO DISTRITAL;70234;LAURICIO BORGES MACHADO
DEPUTADO DISTRITAL;70555;EVALDO LOBATO LIMA
DEPUTADO DISTRITAL;15111;FABIO PEREIRA DE SOUSA
DEPUTADO DISTRITAL;15678;CANDIDO TELES DE ARAUJO
DEPUTADO DISTRITAL;15777;JONATAS JOSE SANTOS SILVA
DEPUTADO FEDERAL;3030;CARINE TEIXEIRA MARQUES
DEPUTADO FEDERAL;1020;DAVYS FREDERICO TEIXEIRA LINHARES
DEPUTADO FEDERAL;1050;CELESTINO CHUPEL
DEPUTADO FEDERAL;7722;JOS JAIR MARINHO DE OLIVEIRA
DEPUTADO FEDERAL;2030;MAURICIO ALVES DA SILVA
DEPUTADO FEDERAL;1456;MARTA CLERIA LIMA
DEPUTADO FEDERAL;1441;CAMILA CORRA DE SOUZA
DEPUTADO FEDERAL;1400;CRISTIANO CAIADO DE ACIOLI
DEPUTADO FEDERAL;1230;MARIA FTIMA DE SOUSA
DEPUTADO FEDERAL;2223;MARIA AMELIA CAMPOS DIAS
DEPUTADO FEDERAL;1333;ROSILENE CORREA LIMA
DEPUTADO FEDERAL;1310;AGNELO SANTOS QUEIROZ FILHO
DEPUTADO FEDERAL;3577;WARLEY REIS RIBEIRO DA SILVA
DEPUTADO FEDERAL;4080;JOS GADELHA LOUREIRO
DEPUTADO FEDERAL;2727;ADRIANO DA SILVA CABRAL
DEPUTADO FEDERAL;1599;WASHINGTON STECANELA CERQUEIRA
DEPUTADO FEDERAL;1500;DANIEL XAVIER DONIZET
GOVERNADOR;80;SAMARA MINEIRO OLIVEIRA
DEPUTADO DISTRITAL;18486;ELIANA DE FARIAS
DEPUTADO DISTRITAL;50511;GNANDI MOUSTAFA YANWO
DEPUTADO DISTRITAL;50321;PAULO CESAR BESSA CESRIO
DEPUTADO DISTRITAL;50700;MARIA EDUARDA KRASNY DE SOUZA DA SILVA
DEPUTADO DISTRITAL;30190;JAIRO LUIS FERREIRA SANTOS DE MELO
DEPUTADO DISTRITAL;30007;JACINTO DE SOUSA
DEPUTADO DISTRITAL;30022;ERIC GUSTAVO DE GIS SILVA
DEPUTADO DISTRITAL;30700;CAULECI PACHECO DA SILVA
DEPUTADO DISTRITAL;30230;ALESSANDRA COBUCCI SALLES
DEPUTADO DISTRITAL;27024;ELISON FRANKLIN DE LIMA
DEPUTADO DISTRITAL;35026;SALVADOR DA SILVA CASTRO
DEPUTADO DISTRITAL;35456;CLUDIO FERREIRA DOMINGUES
DEPUTADO DISTRITAL;12555;JAIRON PINHEIRO DA SILVA
DEPUTADO DISTRITAL;12307;ALESSANDRO DA CONCEIO CALADO
DEPUTADO DISTRITAL;10190;FERNANDO BATISTA FERNANDES
DEPUTADO DISTRITAL;10123;MARCOS MARTINS MACHADO
DEPUTADO DISTRITAL;10010;JENNIFER GOMES DA CONCEIO
DEPUTADO DISTRITAL;22190;JULIA LUCY MARQUES ARAUJO
DEPUTADO DISTRITAL;22002;RICARDO ALMEIDA CASTANHEIRA
DEPUTADO DISTRITAL;22522;EVANDRO DE ARAUJO PAULA
DEPUTADO DISTRITAL;22061;ANNA CARINA SEBBA JANNUZZI
DEPUTADO DISTRITAL;22022;ANDR OCTVIO KUBITSCHEK BARBAR ALVES PEREIRA
DEPUTADO DISTRITAL;13133;ALTACI CORREA RUBIM
DEPUTADO DISTRITAL;13061;JOO VTOR DE OLIVEIRA SANTOS
DEPUTADO DISTRITAL;13001;JACY AFONSO DE MELO
DEPUTADO DISTRITAL;13405;JARBAS CAMPOS PARDIM
DEPUTADO DISTRITAL;45200;ANDERSON RODRIGUES VIEIRA
DEPUTADO DISTRITAL;45555;DANIELA CIRIACO FERREIRA
DEPUTADO DISTRITAL;45123;LUCIANA LIMA DA SILVA
DEPUTADO DISTRITAL;20002;VANDEILDO LOPES DE GOIS
DEPUTADO DISTRITAL;20028;PATRICIA HELENA AGOSTINHO MARTINS
DEPUTADO DISTRITAL;20061;LUIS CLAUDIO BORCEM MELO
DEPUTADO DISTRITAL;33007;ADIVALDO JOSE NOGUEIRA
DEPUTADO DISTRITAL;11211;NATALIA YARA DOS REIS
DEPUTADO DISTRITAL;11001;REJANE COSTA DE OLIVEIRA
DEPUTADO DISTRITAL;44567;SILVINHO ALMEIDA SILVA
DEPUTADO DISTRITAL;77007;FABIO BATISTA DE MORAIS
DEPUTADO DISTRITAL;77111;DEUSDETE VIEIRA DA SILVA FILHO
DEPUTADO DISTRITAL;25025;ILENE BATISTA DE ALMEIDA
DEPUTADO DISTRITAL;77222;EDSON CORDEIRO LIMA
DEPUTADO DISTRITAL;25444;RUBENS CESAR BRUNELLI JUNIOR
DEPUTADO DISTRITAL;70770;SANDRA GONALVES DA SILVA
DEPUTADO DISTRITAL;70707;ELIANE DE SOUZA CAMPOS
DEPUTADO DISTRITAL;70222;WESLEY CONCEIO CARVALHO
DEPUTADO DISTRITAL;70022;MARIA ANGLICA BRITO MACHADO
DEPUTADO DISTRITAL;15153;DACIO CORDEIRO ROCHA
DEPUTADO DISTRITAL;15133;GUSTAVO ALMEIDA AIRES
DEPUTADO DISTRITAL;15551;EDSON BATISTA LOPES
SENADOR;131;ERIKA JUC KOKAY
DEPUTADO FEDERAL;5050;FBIO FELIX SILVEIRA
DEPUTADO FEDERAL;1819;LUIZ GUILHERME PENA
DEPUTADO FEDERAL;2523;CINTYA MUNIZ ROCHA DA FONSECA SILVA
DEPUTADO FEDERAL;7707;DIEGO LUCAS DOS REIS COSTA
DEPUTADO FEDERAL;2311;MARIANA DE PAULA MOURA
DEPUTADO FEDERAL;8000;MILENA MARTINS MACHADO MENDES
DEPUTADO FEDERAL;3500;ANTHONY COUTO
DEPUTADO FEDERAL;3535;NOELY DE FTIMA LUIZ DE MORAIS
DEPUTADO FEDERAL;4456;GARDENIA DE FATIMA GONALVES MIRANDA
DEPUTADO FEDERAL;7055;GLAUCIA DE OLIVEIRA BARBOSA SOUTO
DEPUTADO FEDERAL;4007;CARLA MAGALI GEHLEN
DEPUTADO FEDERAL;2770;MILENA DE SOUSA COSTA
GOVERNADOR;11;CELINA LEAO HIZIM FERREIRA
GOVERNADOR;13;LEANDRO ANTNIO GRASS PEIXOTO
DEPUTADO DISTRITAL;18081;LAURIANNE DE MIRANDA GOMES
DEPUTADO DISTRITAL;18180;ROBERTO JULIO FERREIRA
DEPUTADO DISTRITAL;50020;RAYANNE OLIVEIRA FONTENELE VASCONCELOS
DEPUTADO DISTRITAL;30321;LUCIANA MENDINA DE SOUZA MARTNEZ
DEPUTADO DISTRITAL;30777;AILUDE ARAUJO MXIMO DOS SANTOS
DEPUTADO DISTRITAL;14123;EDUARDO DE BARROS SANTOS
DEPUTADO DISTRITAL;35035;MARCEL GUILHERME EIRAS
DEPUTADO DISTRITAL;35444;IGOR DE OLIVEIRA SARAIVA
DEPUTADO DISTRITAL;35000;JANIO FARIAS MARQUES
DEPUTADO DISTRITAL;40800;GUILHERME ALVES CARVALHO
DEPUTADO DISTRITAL;40023;BARTOLOMEU RODRIGUES DA SILVA
DEPUTADO DISTRITAL;40123;FERNANDO ASSIS DE FREITAS
DEPUTADO DISTRITAL;40109;DOUGLAS APARECIDO DA SILVA GOMES
DEPUTADO DISTRITAL;40222;DAYSE AMARILIO DONETTS DINIZ
DEPUTADO DISTRITAL;40567;DENNIS WEBERT NUNES DOS SANTOS
DEPUTADO DISTRITAL;12022;JOSIAS SANTOS LIMA
DEPUTADO DISTRITAL;12110;ANDRE MARCOS PIRES FONTES
DEPUTADO DISTRITAL;12331;SUELI SANTOS
DEPUTADO DISTRITAL;12456;NILVAN PEREIRA DE VASCONCELLOS
DEPUTADO DISTRITAL;10020;GIULIANNO ROLIM CARTAXO
DEPUTADO DISTRITAL;10222;ESTEFANE MOURA SANTOS SAMPAIO
DEPUTADO DISTRITAL;10456;RODRIGO GERMANO DELMASSO MARTINS
DEPUTADO DISTRITAL;10193;ERICSON DIOGENES GOMES
DEPUTADO DISTRITAL;22321;FERNANDO MOREIRA OLIVIERE CAIXETA
DEPUTADO DISTRITAL;22422;JOO RENATO BORGES ABREU
DEPUTADO DISTRITAL;13556;LUZINETE CAMILO DA SILVA
DEPUTADO DISTRITAL;65123;ELIAS SILVA ARAUJO
DEPUTADO DISTRITAL;45190;ADALBERTO FERREIRA DE PAULA CARVALHO
DEPUTADO DISTRITAL;55026;IZADORA SOARES COIMBRA DOS SANTOS
DEPUTADO DISTRITAL;55155;NELSON ALVES PINTO NETO
DEPUTADO DISTRITAL;55200;ANDREIA SALLES DE SOUZA
DEPUTADO DISTRITAL;20022;ALESSANDRO GONCALVES DE ALMEIDA
DEPUTADO DISTRITAL;33355;ALEXANDRE DA SILVA PEREIRA
DEPUTADO DISTRITAL;33323;FRANCIMAR NAVA VILARINDO
DEPUTADO DISTRITAL;33133;GISLAINE APARECIDA SOARES
DEPUTADO DISTRITAL;33222;CARLOS ALBERTO RODRIGUES TABANEZ
DEPUTADO DISTRITAL;44190;LEIBER ALVES DE SOUZA
DEPUTADO DISTRITAL;11022;ANA MARIA DA SILVA
DEPUTADO DISTRITAL;44000;EDUARDO WEYNE PEDROSA
DEPUTADO DISTRITAL;77123;ADERVAL CARLOS DE ANDRADE
DEPUTADO DISTRITAL;77810;CRISTIANE CARVALHO MENDES
DEPUTADO DISTRITAL;70190;CARLOS VICTOR FERNANDES VITORIO
DEPUTADO DISTRITAL;70007;SPARTACUS ISSA SAVITE
DEPUTADO DISTRITAL;70700;LAZARO SANTOS DE PAULA
DEPUTADO DISTRITAL;70999;CAIO GRACCO CAVALCANTI DA CUNHA MONTE
DEPUTADO DISTRITAL;15888;CONCEIO DE MARIA MEIRELES OLIVEIRA
DEPUTADO DISTRITAL;15555;MARCELA MEIRA PASSAMANI
DEPUTADO DISTRITAL;15015;CHRISTIANNO NOGUEIRA ARAUJO
SENADOR;456;PAULO AUGUSTO PIMENTA FELICIO DOS SANTOS
SENADOR;223;BEATRIZ KICIS TORRENTS DE SORDI
SENADOR;700;MARLEY MENDONCA ALVES
SENADOR;555;RONALDO FONSECA DE SOUZA
DEPUTADO FEDERAL;3001;LUIZ XAVIER GAMA
DEPUTADO FEDERAL;5040;RAQUEL FERREIRA
DEPUTADO FEDERAL;1818;ELIANILDO DA SILVA NASCIMENTO
DEPUTADO FEDERAL;7778;MAX SAMUEL ANDRADE
DEPUTADO FEDERAL;2026;JORGE LUIZ DA CRUZ SILVA
DEPUTADO FEDERAL;2000;ISMAEL MOTA GOMES DE ALMEIDA
DEPUTADO FEDERAL;2022;KLESLEY GARCIA SOARES
DEPUTADO FEDERAL;1444;LUCAS BRASILEIRO CESAR LEITAO
DEPUTADO FEDERAL;3300;ANTONIO RILDO PEREIRA SIRIANO
DEPUTADO FEDERAL;3344;JULIANA ALVES SERPA
DEPUTADO FEDERAL;3333;RITA OLVIDO GOYZUETA BALLOCK
DEPUTADO FEDERAL;4522;CARLOS FELIPE RODRIGUES DE OLIVEIRA
DEPUTADO FEDERAL;4567;FLAVIA HELENA PORTELA DE CARVALHO
DEPUTADO FEDERAL;4543;EROTIDES SOUZA DE ALMEIDA JUNIOR
DEPUTADO FEDERAL;1233;MOACIR ROSA DA SILVA
DEPUTADO FEDERAL;1212;FLAVIO WERNECK MENEGUELLI
DEPUTADO FEDERAL;2200;IZALCI LUCAS FERREIRA
DEPUTADO FEDERAL;2238;DAVI LIMA SOUSA
DEPUTADO FEDERAL;1313;ROBERTO POLICARPO FAGUNDES
DEPUTADO FEDERAL;4411;CARLOS DALVAN SOARES DE OLIVEIRA
DEPUTADO FEDERAL;1190;ELZIOVAN MATIAS MORENO LIMA
DEPUTADO FEDERAL;7077;JUSCELINO KUBITSCHEK DE OLIVEIRA
DEPUTADO FEDERAL;5544;JOAO LUIZ ARANTES DE FREITAS
DEPUTADO FEDERAL;5545;ELIOMAR RODRIGUES DE SOUZA
DEPUTADO FEDERAL;5561;RONALDO FONSECA DE SOUZA
DEPUTADO FEDERAL;4022;DANIELA DA SILVA NUNES
DEPUTADO FEDERAL;2712;LEONARDO DINIZ DA SILVEIRA
DEPUTADO FEDERAL;1551;JOSIANE ALVES JACOB SABOIA
DEPUTADO FEDERAL;1516;JOSE RODRIGUES COSTA NETO
GOVERNADOR;45;PAULA MORENO PARO BELMONTE
DEPUTADO DISTRITAL;18018;ANGELINA NARDELLI QUAGLIA BEROTT
DEPUTADO DISTRITAL;50050;PATRICIA RAMIRO SILVA SOUZA
DEPUTADO DISTRITAL;50777;ROMARIO LEAL LOBO
DEPUTADO DISTRITAL;18222;SAMI MARTINS YASSINE
DEPUTADO DISTRITAL;50100;MAX MACIEL CAVALCANTI
DEPUTADO DISTRITAL;50444;ABEL RODRIGUES DOS SANTOS
DEPUTADO DISTRITAL;30100;ERICKA SIQUEIRA NOGUEIRA FILIPPELLI
DEPUTADO DISTRITAL;30530;FERNANDA CAROLINA FRANA
DEPUTADO DISTRITAL;30500;DAIANE BISPO DOS SANTOS
DEPUTADO DISTRITAL;30555;TANIA MARIA SOSTER SANTOS
DEPUTADO DISTRITAL;30026;ATENA OLIVEIRA ZATARIN
DEPUTADO DISTRITAL;30030;KLEBER VINCIUS BEZERRA CAMELO DE MELO
DEPUTADO DISTRITAL;14014;ARTHUR GURGEL FREIRE SANTOS
DEPUTADO DISTRITAL;27555;MARIA SONEIDE DOS SANTOS FERREIRA
DEPUTADO DISTRITAL;27999;RACHEL PINHEIRO DE OLIVEIRA DA SILVA
DEPUTADO DISTRITAL;27190;NEVITON PEREIRA JUNIOR
DEPUTADO DISTRITAL;27012;WELDO GONALVES DA SILVA AMORIM
DEPUTADO DISTRITAL;27022;DARIONE DE MELO SILVA
DEPUTADO DISTRITAL;35192;JORGE VIANA DE SOUSA
DEPUTADO DISTRITAL;35133;DIONES AMORIM DE ALMEIDA
DEPUTADO DISTRITAL;35111;MANOEL ARCANJO NETO DE MAGALHAES
DEPUTADO DISTRITAL;40044;ROSELENE BEZERRA EVANGELISTA
DEPUTADO DISTRITAL;12101;SIDNEY PEREIRA BATISTA
DEPUTADO DISTRITAL;12222;MARIA WEILA COLHO ALMEIDA
DEPUTADO DISTRITAL;10022;RAIMUNDO PACHECO DE PINHO
DEPUTADO DISTRITAL;10100;RENATO ANDRADE DOS SANTOS
DEPUTADO DISTRITAL;10000;MARCELO FERREIRA DA SILVA
DEPUTADO DISTRITAL;10555;JANE KLEBIA DO NASCIMENTO SILVA
DEPUTADO DISTRITAL;22777;MARCELO IZIDORO VIEIRA
DEPUTADO DISTRITAL;22222;CARLOS EDUARDO ANTUNES TRRES
DEPUTADO DISTRITAL;13123;JOS ROBERTO MELO MACHADO
DEPUTADO DISTRITAL;13007;FABIANO E SILVA LEITO DUARTE
DEPUTADO DISTRITAL;45155;CLEA TORRES DA SILVA
DEPUTADO DISTRITAL;45678;JAMES MAYNER SILVA
DEPUTADO DISTRITAL;45013;GUSTAVO VITORIA SALES
DEPUTADO DISTRITAL;45100;JULIANA CANDIDA PEREIRA
DEPUTADO DISTRITAL;45888;ALZIRENIO CUNHA CARVALHO
DEPUTADO DISTRITAL;55888;CLEBER LUIZ GREGORINO BARRETO
DEPUTADO DISTRITAL;55255;JADIEL DE ARAUJO SANTOS
DEPUTADO DISTRITAL;55190;LUSIMAR TORRES ARRUDA
DEPUTADO DISTRITAL;55055;ALESSANDRO DE SANT ANNA CARDOSO
DEPUTADO DISTRITAL;20456;CLEIDIANE VITALINO PEREIRA DA SILVA
DEPUTADO DISTRITAL;80123;CHRISTIAN RODRIGUES SENA
DEPUTADO DISTRITAL;33033;VERTON MOTA RESENDE
DEPUTADO DISTRITAL;33333;NUCHE MENINO FIGUEIREDO DE CAMARGO
DEPUTADO DISTRITAL;33192;WENDEL ANTONIO ALVES MOREIRA
DEPUTADO DISTRITAL;11133;DANIEL DE CASTRO SOUSA
DEPUTADO DISTRITAL;11410;IDAIANO IURI MARQUES DOS SANTOS
DEPUTADO DISTRITAL;11122;VIRGILIO DO REGO MONTEIRO NETO
DEPUTADO DISTRITAL;25190;ANDR DA COSTA GOUVEIA
DEPUTADO DISTRITAL;77330;ELIZALDA BARBOSA DIAS
DEPUTADO DISTRITAL;77277;JOSE ROBERTO DA SILVA
DEPUTADO DISTRITAL;70193;RENATO SILVEIRA BARBOSA
DEPUTADO DISTRITAL;70333;GILBERTO ELIAZARIO DE CAMARGOS
DEPUTADO DISTRITAL;70123;WILSON DO NASCIMENTO ARAUJO
DEPUTADO DISTRITAL;70100;GABRIELA CASTRO FREIRE
DEPUTADO DISTRITAL;70456;CLEMILTON SARAIVA DOS SANTOS
DEPUTADO DISTRITAL;15000;IOLANDO ALMEIDA DE SOUZA
DEPUTADO DISTRITAL;15100;SAMARA DOS SANTOS BRITO NEVES
DEPUTADO DISTRITAL;15190;JOAO HERMETO DE OLIVEIRA NETO
DEPUTADO DISTRITAL;15123;WELLINGTON LUIZ DE SOUZA SILVA
DEPUTADO DISTRITAL;15444;GELCEMNIA PEREIRA DOS ANJOS
SENADOR;355;AVENIR ANGELO ROSA FILHO
SENADOR;300;SEBASTIAO COELHO DA SILVA
SENADOR;800;GUILHERME DE AMORIM LINO
SENADOR;161;EDUARDO RENN ZANATA
SENADOR;360;TIAGO TRSIS ADALDO
SENADOR;123;LEILA GOMES DE BARROS RGO
DEPUTADO FEDERAL;1088;MATHEUS MAYER MILANEZ
DEPUTADO FEDERAL;4566;LEIA PEREIRA XAVIER
DEPUTADO FEDERAL;4577;ELAINE DE OLIVEIRA BARBOSA
DEPUTADO FEDERAL;8080;LEONARDO BEZERRA COELHO
DEPUTADO FEDERAL;1270;LARISSA SCHMIDT
DEPUTADO FEDERAL;2201;MARIANA FIUZA TAVEIRA ADORNO NAIME
DEPUTADO FEDERAL;3590;JOSE FRANCISCO DE LIMA NETO
DEPUTADO FEDERAL;3535;LAIRA DOS SANTOS INCIO
DEPUTADO FEDERAL;4400;RODRIGO FRANCELINO ALVES
DEPUTADO FEDERAL;3600;ELIENE MARTINS DA SILVA
DEPUTADO FEDERAL;3636;JACILDO PEREIRA DA SILVA
DEPUTADO FEDERAL;2755;RONON PINHEIRO DA CRUZ
DEPUTADO FEDERAL;1501;WESLEY AMARAL DA SILVA
GOVERNADOR;28;ALDERICO DA SILVA PINHEIRO FILHO
GOVERNADOR;29;EXPEDITO CARNEIRO DE MENDONA
GOVERNADOR;16;ROBSON RAYMUNDO DA SILVA
DEPUTADO DISTRITAL;50180;NATHALIA VIEIRA SOUZA SILVA
DEPUTADO DISTRITAL;18000;ELAINY TOGOJEBADO DE MATOS PONTES
DEPUTADO DISTRITAL;50200;EDENILSON BERNARDO DE MELO
DEPUTADO DISTRITAL;50133;EDISON PINTO DE OLIVEIRA
DEPUTADO DISTRITAL;30111;PETRUS LEONARDO BARRON SANCHEZ
DEPUTADO DISTRITAL;27222;ALEXANDRE ELIAS DE OLIVEIRA
DEPUTADO DISTRITAL;27127;CARLOS PEREIRA XAVIER
DEPUTADO DISTRITAL;35777;JULIO CESAR D ELIA RIEDER
DEPUTADO DISTRITAL;35222;KEVIN WILIAN SOUSA DE OLIVEIRA
DEPUTADO DISTRITAL;35123;ROBRIO DE OLIVEIRA MELO JUNIOR
DEPUTADO DISTRITAL;40400;RODRIGO OLIVEIRA DE CASTRO DIAS
DEPUTADO DISTRITAL;40420;PABLO FEITOSA NUNES AMORIM
DEPUTADO DISTRITAL;12105;PAULO CAMPELO DE MIRANDA
DEPUTADO DISTRITAL;12112;JAIR GOMES DE ALMEIDA
DEPUTADO DISTRITAL;12012;CRISTIANO LUZ DA SILVA PINTO
DEPUTADO DISTRITAL;12777;ALINE S CAVALCANTI
DEPUTADO DISTRITAL;10101;DANIEL FONSECA E CONDE
DEPUTADO DISTRITAL;10505;EMANUEL SOARES DA SILVA ALVES
DEPUTADO DISTRITAL;10026;FRANCISCO JOELIO RODRIGUES DA SILVA
DEPUTADO DISTRITAL;22193;ROOSEVELT VILELA PIRES
DEPUTADO DISTRITAL;22555;HAMILTON TEIXEIRA DOS SANTOS
DEPUTADO DISTRITAL;22322;VICTOR JANSEN FERREIRA
DEPUTADO DISTRITAL;13193;LAUREANO DE FARIA RODRIGUES
DEPUTADO DISTRITAL;65180;BERENICE DARC JACINTO
DEPUTADO DISTRITAL;13613;KEILA LIMA SANCHES
DEPUTADO DISTRITAL;13333;MARIANA ROSA MOREIRA DOS SANTOS
DEPUTADO DISTRITAL;45045;DATANIEL SILVA DUARTE
DEPUTADO DISTRITAL;45000;CARLOS PENNA BRESCIANINI
DEPUTADO DISTRITAL;55222;MAURICIO TOMAZ DA SILVA
DEPUTADO DISTRITAL;55333;CARLOS WAGNER PEREIRA DE S
DEPUTADO DISTRITAL;20122;MICHELLO BUENO GONCALVES OLIVEIRA
DEPUTADO DISTRITAL;20555;ELIANA FERREIRA EMERICK
DEPUTADO DISTRITAL;20777;NATAL WELLINGTON RODRIGUES FURUCHO
DEPUTADO DISTRITAL;20100;ALEX DE OLIVEIRA GALVAO
DEPUTADO DISTRITAL;80110;BRBARA VICENTE CALISTA
DEPUTADO DISTRITAL;33337;FRANCISCA JUSCICLEIA ARAUJO BRITO
DEPUTADO DISTRITAL;33123;REGINALDO ROCHA SARDINHA GOES
DEPUTADO DISTRITAL;33456;ITALO DA SILVA MIRANDA
DEPUTADO DISTRITAL;33789;PEDRO ANTONIO DOS SANTOS
DEPUTADO DISTRITAL;11111;RONEY TANIOS NEMER
DEPUTADO DISTRITAL;11777;MARCELO DE SOUZA NUNES GOIS
DEPUTADO DISTRITAL;11010;LEONARDO ROBERTO SOARES CARVALHO CAVALCANTE
DEPUTADO DISTRITAL;44555;PEDRO HENRIQUE VIEGAS DE OLIVEIRA
DEPUTADO DISTRITAL;77777;EDEM ALEXANDRE BARBOSA
DEPUTADO DISTRITAL;25000;JOAO LEAL NETO
DEPUTADO DISTRITAL;70777;ANDERSON FERREIRA
DEPUTADO DISTRITAL;70122;HLIO GOMES DA SILVA
DEPUTADO DISTRITAL;70000;DANIEL DE SOUSA OLIVEIRA
DEPUTADO DISTRITAL;70870;MARILANIA TEIXEIRA
DEPUTADO DISTRITAL;15166;JOSE ALENCAR DE MESQUITA
SENADOR;222;MICHELLE DE PAULA FIRMO REINALDO BOLSONARO
DEPUTADO FEDERAL;3004;FLAVIO HENRIQUE TORMINN FLEURY
DEPUTADO FEDERAL;3022;ALESSANDRA ALMEIDA CHIANELLI DUTRA
DEPUTADO FEDERAL;1022;CRISTIANE RODRIGUES BRITTO
DEPUTADO FEDERAL;1000;LUIZ EDUARDO MARTINS SANTANA
DEPUTADO FEDERAL;1015;RAVAN ALVES SANTOS
DEPUTADO FEDERAL;5080;KARINE RODRIGUES AFONSECA
DEPUTADO FEDERAL;1411;ALVARO FERNANDO PASCOTTO MOZINI
DEPUTADO FEDERAL;4510;GERALDO NAVES FILHO
DEPUTADO FEDERAL;1221;JOANISA VIEIRA DE ABREU BARROSO
DEPUTADO FEDERAL;1214;PAULO ROBERTO CORREA TAVARES
DEPUTADO FEDERAL;2233;THIAGO DE ARAUJO MACIEIRA MANZONI
DEPUTADO FEDERAL;1300;MARIVALDO DE CASTRO PEREIRA
DEPUTADO FEDERAL;1361;ERIVAN HILARIO DOS SANTOS
DEPUTADO FEDERAL;2999;ANA SCHRAMM
DEPUTADO FEDERAL;3550;LEANDRO PEREIRA SANCHES GOMES
DEPUTADO FEDERAL;4455;ESTER CARVALHO DOS SANTOS
DEPUTADO FEDERAL;1117;MARINA ALVES NORONHA
DEPUTADO FEDERAL;1111;VALDIRENE TAVARES DOS SANTOS
DEPUTADO FEDERAL;7033;ANA LIMA VIANA FILHA
DEPUTADO FEDERAL;4000;RAQUEL FERNANDES MEDEIROS
DEPUTADO FEDERAL;4061;WENDER CLSTENES DE MORAIS SOARES
DEPUTADO FEDERAL;4023;CRISTOVAM RICARDO CAVALCANTI BUARQUE
